ts,open,high,low,close,volume,trades,longOpenInterest,shortOpenInterest,profit,loss,profitCumulative,lossCumulative
2021-09-01,47140.0,49137.3,46550.0,48872.2,2575.08182011,27098,92717725938052721233410259750700000,7388481208312814887484874027400000,38604355898400802027263311694,4345384686266744326997789607904,38604355898400802027263311694,4345384686266744326997789607904
2021-09-02,48872.1,50372.9,48622.0,49290.3,3436.6645161701,29051,107795652416283990027652511639690000,98097358709656412734374291770290000,94276552481598539857311762240000,611172085403821542530495648129012,94315156837496940659339025551694,615517470090088286857493437736916
2021-09-03,49290.2,51009.7,48356.0,50018.6,3628.82427331,32971,921125698999332279248652291924360000,113978968591436550848318010388560000,26354638750258897452716278575185753,995697199230039504427424906520000,26448953907096394393375617600737447,1611214669320127791284918344256916
2021-09-04,50022.9,50559.5,49363.6,49956.1,1604.31873364,18255,926117881730374984285022886913720000,74090572673652766232555509978160000,1933887116967996513008357160000,587152475166495805786945516830000,26450887794213362389888625957897447,2198367144486623597071863861086916
2021-09-05,49956.1,51890.9,49512.4,51767.9,1807.72703411,20108,1148802440164388688206720277269160000,49848952422561327679331882860160000,1274591764380702776096070529750000,65301145160084690425505429746100,27725479558594065165984696487647447,2263668289646708287497369290833016
2021-09-06,51768.0,52800.0,51025.5,52688.3,2979.38538145,24452,1610150651317620460519912881995880000,50425113768329854459331882860160000,2979282738767279099626736317070000,106739798064486492674766367315247,30704762297361344265611432804717447,2370408087711194780172135658148263
2021-09-07,52688.2,52900.0,42000.0,46882.1,8797.5533727708,80423,1678783374782903348986305055041300000,1551882188972607176700610084000000,82815205600564727909648604960554306,142333932969139120312272143641583216,113519967897926072175260037765271753,144704341056850315092444279299731479
2021-09-08,46889.5,47362.4,44444.0,46073.4,3486.8708239101,33739,963461481019842697410970310619930000,1276621241503999708127070000000000,65466527390825663411126501918919460,19099881532849605969592751597925041,178986495288751735586386539684191213,163804222589699921062037030897656520
2021-09-09,46064.3,47399.0,45498.7,46389.6,2328.76679262,27076,955693465860243662701786872436870000,10447783298757760017713431187520000,3855275172134753247350247915735606,902775942036652354281198513375361,182841770460886488833736787599926819,164706998531736573416318229411031881
2021-09-10,46389.7,47035.8,44135.2,44842.2,3303.07297039,30895,866455022155716584593199824430100000,182451342001238192463270094890120000,4356734640232605643744324156769027,29138270707269860430472905372514438,187198505101119094477481111756695846,193845269239006433846791134783546319
2021-09-11,44842.2,45992.4,44741.0,45137.4,1239.97337633,15443,1524332695037616351606041034878640000,67461102961372344645658883835730000,4617329986154790646755465286273021,5466887437923689086916213674838267,191815835087273885124236577042968867,199312156676930122933707348458384586
2021-09-12,45148.8,46487.9,44770.0,46061.3,1202.06666163,16876,1690770529968256377377392619432840000,12712191342439269770693407584260000,66459426899503201283733737015207324,22555530798343437813583444246051809,258275261986777086407970314058176191,221867687475273560747290792704436395
2021-09-13,46061.3,46879.0,43374.9,44965.8,3673.5190491901,35698,2561621050778419314415876718119000000,2744443305335764269815007625260000,31170829417876739375516420141736863,53215959391701058611936214654670044,289446091404653825783486734199913054,275083646866974619359227007359106439
2021-09-14,44965.8,47260.0,44700.0,47145.9,2114.13267011,24017,4231915751967900761722677451811350000,18352117987393840723408238444900000,22683635269734673669624077341618252,1161141446573367265962205649840990,312129726674388499453110811541531306,276244788313547986625189213008947429
2021-09-15,47110.5,48481.0,46744.0,48152.3,2160.39781268,23027,3908408515144716220631893847967870000,13797355909205311234110238690900000,97825972995759065734977033566751981,3756659708090181702426208054349244,409955699670147565188087845108283287,280001448021638168327615421063296673
2021-09-16,48152.3,48485.8,47030.1,47786.9,2372.97320098,22748,4233921545078537036025057830341380640,60289915637902746089993501173257000,57587995786549143431542718160630199,29664627294827526184174914612453125,467543695456696708619630563268913486,309666075316465694511790335675749798
2021-09-17,47786.9,48185.9,46745.7,47269.7,2007.83571876,20582,10467835074686365277714701673887780640,99433223880850495248268815283257000,6446149102632670253180342141526420,30239724959967413933753829976518357,473989844559329378872810905410439906,339905800276433108445544165652268155
2021-09-18,47269.7,48800.0,47077.9,48309.9,1277.08379196,15306,10996716908672627278203929336322560640,347327627154089733130251145180697000,60321371769884510949755008137197569,31858991031729869085945718615576937,534311216329213889822565913547637475,371764791308162977531489884267845092
2021-09-19,48306.9,48379.1,46851.2,47237.8,1219.51050215,14770,18802749234273215009253655973717520640,673515899323949362626337180313357000,20728446646652771009789280875029908,100813991703490255734691799284133322,555039662975866660832355194422667383,472578783011653233266181683551978414
2021-09-20,47247.3,47307.7,42510.0,42992.9,5755.7864731302,44520,15445854535784753847494878247251070640,1835144095167890333321501338200900000,82742983160835914563810799877174652,1459334765557915468683610877906821729,637782646136702575396165994299842035,1931913548569568701949792561458800143
2021-09-21,42992.9,43624.7,39579.0,40710.6,7261.1516045702,52940,7357782964965357707557626973922940000,1080750230932656499932045563755280000,121905439798622996808669503320858182,992347778738907654513099577507309374,759688085935325572204835497620700217,2924261327308476356462892138966109517
2021-09-22,40710.5,44024.2,40600.0,43562.8,3503.53780428,31271,9977583769236962454051664444081540000,254200658262891192128472748200900000,933849906964953098830775440115923044,58955701694182248702569358775635579,1693537992900278671035610937736623261,2983217029002658605165461497741745096
2021-09-23,43563.3,45000.0,43111.6,44889.8,4176.71154133,28456,12330259520531920453730426384081540000,363126368644049752869039569366290000,46103933961264842738677135556636024,30382679037845117765011276874003024,1739641926861543513774288073293259285,3013599708040503722930472774615748120
2021-09-24,44888.9,45153.0,40750.0,42833.2,4412.37782314,39431,8617714524410223077794663637915830000,554939143661730463432256797366290000,115315392907596263639994624312432427,389063946697362038840480431364695183,1854957319769139777414282697605691712,3402663654737865761770953205980443303
2021-09-25,42831.7,43021.7,41705.1,42710.1,1058.57183586,15077,8755847127350370261719654161389530000,449209760595660039636067229366290000,70301872692694369284306334875974737,88088757585185736696171114707534884,1925259192461834146698589032481666449,3490752412323051498467124320687978187
2021-09-26,42710.1,43930.4,40802.7,43204.6,2250.76323745,24215,7848919805148407058053489665683740000,719889525228813752827218669366290000,92063490089498981885026369907955460,95632071560431821158252781572327847,2017322682551333128583615402389621909,3586384483883483319625377102260306034
2021-09-27,43175.2,44333.0,42120.7,42176.3,1977.8996415899,21018,9936828564164808335964851820683740000,861479703777514375004210206366290000,33257398444572214159558455206125926,91330292818791960349598544612123481,2050580080995905342743173857595747835,3677714776702275279974975646872429515
2021-09-28,42176.3,42750.0,40875.6,41038.4,2231.71257206,20996,9679034489550589098285537189683740000,6858876378887903880565226974366290000,32160004506597245130829125858060623,99731179267611842798166822721646712,2082740085502502587874002983453808458,3777445955969887122773142469594076227
2021-09-29,41016.0,42579.9,40772.2,41524.8,1708.2588589999,20501,9517870491170939044195139969683740000,803025501836296429250507834366290000,124806969175983371263013489697782154,47616073695410804157521388150282067,2207547054678485959137016473151590612,3825062029665297926930663857744358294
2021-09-30,41523.9,44100.0,41423.7,43798.7,3053.6462907101,37817,9982651984208133011782298431159200000,691228917466580325368286744031700000,58033950269174139257279137869943193,34599262394818984882879823127190366,2265581004947660098394295611021533805,3859661292060116911813543680871548660
2021-10-01,43798.7,48475.0,43300.3,48163.7,6512.5404859505,39544,8751826817527147741749487609989450000,646470888259348822473023534366290000,180758204010149316567985134046830835,36513412838520036333838422688050943,2446339208957809414962280745068364640,3896174704898636948147382103559599603
2021-10-02,48168.8,48349.2,47487.1,47662.0,1621.17649347,17654,9081490167147591428789010996214030000,472700873529764757891122909366290000,117118329912016328056756136110528215,24940557634063329862609686274342510,2563457538869825743019036881178892855,3921115262532700278009991789833942113
2021-10-03,47657.3,49257.9,47131.1,48230.2,1653.13750113,18982,11041495907611454851043305172214030000,439408891222133740704956939366290000,24068451852023177572005370404839081,10577208340251456836709089336687711,2587525990721848920591042251583731936,3931692470872951734846700879170629824
2021-10-04,48228.6,49500.0,46895.8,49243.3,2828.9287497,27884,9621969337621534529479071319214030000,781273058783158695679585279859940000,88851260419886712137712526569875047,115321872625412867864380684436568611,2676377251141735632728754778153606983,4047014343498364602711081563607198435
2021-10-05,49239.2,51888.0,49084.3,51487.0,4047.3145890401,33590,12685909362995761540192641047080170000,747790184488923056934929358163230000,124497340713723111548128164260487863,12933310210604485784544793381593805,2800874591855458744276882942414094846,4059947653708969088495626356988792240
2021-10-06,51492.9,55770.0,50366.4,55350.2,7380.2335466005,51966,13548721754101402073481424587610280000,377039193159394899225205676166290000,362714833991101063729480211815779009,59068521327961416311153605506524451,3163589425846559808006363154229873855,4119016175036930504806779962495316691
2021-10-07,55350.2,55352.2,53399.8,53817.3,3123.8602239701,30878,12859150342268758694092240478443040000,312422038909971794432516216166290000,169330778366474723726591032257394725,15169045459972274276041829871189199,3332920204213034531732954186487268580,4134185220496902779082821792366505890
2021-10-08,53817.4,56114.1,53685.0,53960.5,2630.7722918301,29411,13880037644527121529468281049361440000,548615130222787970424895839166290000,69629593230012516393924673217039088,27057273278303239835354343113370557,3402549797443047048126878859704307668,4161242493775206018918176135479876447
2021-10-09,53960.9,55515.1,53700.0,54960.2,1238.78854205,19258,15186117753594496219530224377062690000,545716489740108572525220999166290000,36914197875123946433052344123830294,7142833576832181472737138244185214,3439463995318170994559931203828137962,4168385327352038200390913273724061661
2021-10-10,54967.4,56500.0,54118.6,54677.5,2295.10818143,25688,14715493001152929486170337396897010000,377564150050436451168751919166290000,81503102750689033859442838930750671,88758243614084157200620665738705528,3520967098068860028419374042758888633,4257143570966122357591533939462767189
2021-10-11,54678.9,57837.7,54450.2,57499.5,2787.0961290401,31938,16053696687499181204757105082227930000,346213609725811226164189007166290000,204917484923601339709106050241705633,32471734477628385200460246552189683,3725884582992461368128480093000594266,4289615305443750742791994186014956872
2021-10-12,57482.8,57673.8,54019.2,56010.1,3699.8367330301,36112,14173707249497816921967415248227930000,947655758247975794038484449166290000,56264649170969668193451532198300428,176001634334599276183790021461166230,3782149232163431036321931625198894694,4465616939778350018975784207476123102
2021-10-13,55991.9,57777.0,54271.2,57381.2,3018.73591985,33350,13891525389110654974253795062227930000,517039718978027451426321409949890000,58327432197570279541100691427510459,108772396245063675579570594270167379,3840476664361001315863032316626405153,4574389336023413694555354801746290481
2021-10-14,57381.2,58580.4,56825.0,57377.6,2594.22360564,28621,16636672934416410567218687285473380000,1163701468489888196197236343666290000,140845375323174837966365262207208674,50722428388935295139151607460206287,3981322039684176153829397578833613827,4625111764412348989694506409206496768
2021-10-15,57357.1,62887.5,56888.5,61656.2,5171.6576872004,53746,17191280366078084273745099838943380000,160299076662111023147888239166290000,298789592555183219793857833697746085,69294453408045507331176929415103363,4280111632239359373623255412531359912,4694406217820394497025683338621600131
2021-10-16,61669.8,62400.0,60162.0,60873.4,1963.72806446,24961,16780165346273571012110135812464500000,300983177699406483264843404766290000,97283384840761701643959926050952343,12415548777841918600238653274433662,4377395017080121075267215338582312255,4706821766598236415625921991896033793
2021-10-17,60868.5,61674.3,58900.2,61526.5,2142.26443974,28374,17463084036709914326730271206280890000,154797995579086454143982319166290000,375803660845470803213549029082390808,82989868774363625964500651539650899,4753198677925591878480764367664703063,4789811635372600041590422643435684692
2021-10-18,61526.1,62672.6,59900.0,62037.7,3406.1905642201,35225,24014633489492979000696574564639280000,193611398122566940927660759166290000,220047255480707560147742227807880926,42460887554229481115896653451424696,4973245933406299438628506595472583989,4832272522926829522706319296887109388
2021-10-19,62009.6,64448.0,61320.0,64284.9,3564.4920666701,38201,25284510278049976689446520941639280000,1015224284525334643785182709166290000,133197010502224299237018921788613515,18973127551937604165124145202191541,5106442943908523737865525517261197504,4851245650478767126871443442089300929
2021-10-20,64291.6,66982.2,63546.2,66035.8,3553.4015067402,40625,22702379922777456885640883365434140000,1154869774976092811257812078000000000,683803051141700707047567066757506968,42617860640351165962066803050742342,5790245995050224444913092584018704472,4893863511119118292833510245140043271
2021-10-21,66035.7,66637.8,54100.0,62198.0,6504.9611483705,57632,30973866453053215500703974059434140000,302904992141785718682426230000000000,477153862190215590232333625680055449,202917326056411612057166993063387914,6267399857240440035145426209698759921,5096780837175529904890677238203431185
2021-10-22,62197.4,63757.9,60034.2,60687.5,2972.78004094,33597,25310790945921305657169807967057940000,485476037696961470951561658000000000,62534655521559889235304847414374811,365081880965961102994102617120244450,6329934512761999924380731057113134732,5461862718141491007884779855323675635
2021-10-23,60687.5,61713.9,59610.4,61296.9,1276.37709253,20111,24573993101503063726041312900274650000,358337319281120479441261750000000000,36974975762882896267695436875313184,215175533255276021252460625235600169,6366909488524882820648426493988447916,5677038251396767029137240480559275804
2021-10-24,61297.6,61450.0,59523.0,60882.5,1443.19001317,21012,29094674341263050211429734535250280000,1368383323319446219445122466000000000,31697155270673960438258318428909161,129090228510848087655531188513654011,6398606643795556781086684812417357077,5806128479907615116792771669072929815
2021-10-25,60865.1,63700.0,60674.0,63081.8,2256.83615934,27612,31463945975373587894489231530112780000,410464540515345258645141910000000000,228217213691181864875455760382580841,78165734008532404902258755270100571,6626823857486738645962140572799937918,5884294213916147521695030424343030386
2021-10-26,63081.7,63288.0,59824.2,60310.2,2575.37764474,30166,30601005614154079780485309529033600000,398329722714558891439918360000000000,162857790162533580523958553874616065,53295312873486013444514286392396672,6789681647649272226486099126674553983,5937589526789633535139544710735427058
2021-10-27,60325.1,61477.1,58140.6,58500.1,3960.9791112803,43598,30812421292114435143481935128033600000,314156859086099080527709070000000000,278243063469694185793968033752810758,468697486629130213281482730098664069,7067924711118966412280067160427364741,6406287013418763748421027440834091127
2021-10-28,58500.1,62490.0,57948.0,60613.5,4521.7777939901,46305,33768722087308781449698103868033600000,1979148669839194924128244304000000000,233202234085478829038498302174307217,69540745386774668274198494012103127,7301126945204445241318565462601671958,6475827758805538416695225934846194254
2021-10-29,60604.5,62950.0,60223.5,62246.5,2728.85257089,31273,47927725227250369217303991375604280000,1126459089224453295736580360000000000,393617923228467455449746396550768188,64454803094734041930268027028409642,7694744868432912696768311859152440146,6540282561900272458625493961874603896
2021-10-30,62246.4,62359.2,60741.1,61866.3,1202.80701854,22239,33782519999068100272571428139039160000,764372339982990450592322241704960000,126365543539402791835329821493522804,119136938625143413627256148599957675,7821110411972315488603641680645962950,6659419500525415872252750110474561571
2021-10-31,61879.2,62422.8,60051.0,61380.1,1518.03039144,26396,36998765888623142725448348969874660000,603124119611583781213009911704960000,156082585119372703536596418366121263,89194731736603612941703311853655852,7977192997091688192140238099012084213,6748614232262019485194453422328217423
2021-11-01,61380.1,62500.0,59449.1,60954.5,2653.29145478,31588,45701357323854329090421339651108560000,717061230581102042736609509704960000,79175717390108253422592904172709502,57332173321659453112498478842157151,8056368714481796445562831003184793715,6805946405583678938306951901170374574
2021-11-02,60954.5,64327.0,60665.9,63279.7,2748.17239322,37462,34480422848674124163754347101967760000,1642141885117927526172492979704960000,643767891269415314144783561034176443,26314873265600317171131259055442815,8700136605751211759707614564218970158,6832261278849279255478083160225817389
2021-11-03,63279.8,63550.4,60810.3,62942.9,2575.67753077,31653,33407142809335493370891069156342670000,1853076282892533925132705494704960000,802869626911558523563534530035957554,72260985880293008202483066109592898,9503006232662770283271149094254927712,6904522264729572263680566226335410287
2021-11-04,62938.0,63115.0,60644.2,61449.0,1875.76279461,26603,56447077212750945158644360423419900000,3289181663580465112227273369631820000,148957266899123635704286019869955870,152432153605457433070037926153516947,9651963499561893918975435114124883582,7056954418335029696750604152488927234
2021-11-05,61448.9,62631.9,60804.4,61006.2,1431.43066774,23089,65474323480245077962030791192127380000,3817396749756340754934235449704960000,112068200313885298137930803700763191,45015365087823283460563476953175490,9764031699875779217113365917825646773,7101969783422852980211167629442102724
2021-11-06,61007.4,61602.1,60129.8,61536.3,1337.98498424,20253,50887166344054179818213199312417350000,2705158774658917608833133689704960000,38784926377452448904488147890424991,609969882270786000142602053360312888,9802816626253231666017854065716071764,7711939665693638980353769682802415612
2021-11-07,61535.4,63317.8,61388.0,63317.8,1554.00196888,23475,53566257281309472097248234628341240000,1138962183533007671320701097704960000,160167559020598678513822813221984404,38524387250353379773941986951183739,9962984185273830344531676878938056168,7750464052943992360127711669753599351
2021-11-08,63319.6,67777.7,63319.6,67559.8,3863.0958402102,46043,46968872901575582226218605899780480000,3848869153029784322774325010208620000,847331617677933969113238409167717807,184457681129261392589663925463628984,10810315802951764313644915288105773975,7934921734073253752717375595217228335
2021-11-09,67550.8,68495.0,66316.0,66950.0,3128.97221828,36642,46507579815015416654714514873527700000,13020728290769667837017327436545650000,272718168342636695964573859791317637,15273503540802699057224183540871759,11083033971294401009609489147897091612,7950195237614056451774599778758100094
2021-11-10,66950.1,68991.0,62700.1,64969.0,6353.7205970706,61082,50231987248704798140257874049205900000,904219852791022617169629049680200000,459510254046897700929194753273379134,453071183912098472891825269599313160,11542544225341298710538683901170470746,8403266421526154924666425048357413254
2021-11-11,64969.0,65611.8,64108.2,64825.4,1606.7917784199,24439,52316272055589943867829109597205900000,1364675157114606912818036804000000000,119918154319042186591675214556562695,195442521542075073179621378113726030,11662462379660340897130359115727033441,8598708943068229997846046426471139284
2021-11-12,64825.1,65483.2,62300.5,64153.0,3153.2953957202,35616,66969813215330765140860394028105900000,966798429481566570105008213332790000,499102677953374018709026724181965988,427763338011902040633866836168053031,12161565057613714915839385839908999429,9026472281080132038479913262639192315
2021-11-13,64151.3,64982.5,63415.0,64393.1,1391.47442027,18319,56328568032419576751590146922105900000,1603303534545424311024242172948720000,188162848191415220731570919471778447,5799401087600968540146687396229513,12349727905805130136570956759380777876,9032271682167733007020059950035421828
2021-11-14,64394.5,65495.0,63636.0,65495.0,1479.87272892,20821,51377442123310902422067335033117660000,1441484126368464038763088543000000000,171362603574624782675442618699215538,216193598453604435929496903317192560,12521090509379754919246399378079993414,9248465280621337442949556853352614388
2021-11-15,65495.0,66349.6,63423.1,63615.8,2184.39391802,30333,53438424064591719521347767752690420000,1475537420134910792343162272864520000,349555366480298753635614514913819375,413743439332641049946253022301324226,12870645875860053672882013892993812789,9662208719953978492895809875653938614
2021-11-16,63615.8,63615.8,58630.0,60137.2,5540.5239841204,58354,40271960790765469162396533448892550000,1022291996178536121248540060000000000,264947047192164385171711561197090315,2633486212358656719415841250822623117,13135592923052218058053725454190903104,12295694932312635212311651126476561731
2021-11-17,60137.2,60847.0,58400.0,60367.8,3122.3347099801,32352,43885923509771482034289305848892550000,1207389742870871866598713414000000000,65787349150450629185971804617598025,275172237832909865689026225432610539,13201380272202668687239697258808501129,12570867170145545078000677351909172270
2021-11-18,60368.6,60964.4,56526.2,56921.7,4581.7945896602,48290,30851300891095464166898854219584910000,1393609027801386827798042920000000000,116282480454348448093386717219780066,1033551413941583994380050993835743479,13317662752657017135333083976028281195,13604418584087129072380728345744915749
2021-11-19,56910.8,58384.5,55674.0,58099.6,2241.91928531,33346,32880884867983401099859086311584910000,1091654819352171122478261463000000000,151090182116298056690277301688773047,76101919734684870267734465685097375,13468752934773315192023361277717054242,13680520503821813942648462811430013124
2021-11-20,58107.2,59879.0,57435.2,59744.2,1745.52134658,23413,31538512849603577456695018220609220000,2080580014489173497599461291000000000,337379334154664322599811919003266255,40691464875231180355333408941070631,13806132268927979514623173196720320497,13721211968697045123003796220371083755
2021-11-21,59744.2,60050.0,58532.8,58646.2,1374.08430752,21166,31544405777068802926395872842631180000,2963646065220635949113544874000000000,213004576177454797050201040848426355,11146584676806825272851011049390451,14019136845105434311673374237568746852,13732358553373851948276647231420474206
2021-11-22,58660.3,59411.8,55633.6,56295.5,3918.6575036402,38762,35851650460220954553005689373765730000,841408079228296144089306545861830000,126138101421941835836617861990781469,385944926131423784915550812500419961,14145274946527376147509992099559528321,14118303479505275733192198043920894167
2021-11-23,56290.2,57850.0,55362.7,57571.4,3805.1937175401,35787,28179149750966979943066520947262900000,1825720925585309061618123751000000000,313584836424852405481017760854652638,83197494317014229514632430850671550,14458859782952228552991009860414180959,14201500973822289962706830474771565717
2021-11-24,57574.0,57738.9,55909.0,57203.3,2504.62452366,31075,37154368053962079814169026604387160000,3231256762704221897574364697680720000,111078637613242758288107278851216755,220595020295657776524519353357177944,14569938420565471311279117139265397714,14422095994117947739231349828128743661
2021-11-25,57170.4,59400.0,57053.0,58932.6,2779.6893139101,30817,28059371172205832535696447234184450000,4077090144348271631204455745400000000,611871186093129448906996421100082884,125610879230165160404821485054190750,15181809606658600760186113560365480598,14547706873348112899636171313182934411
2021-11-26,58955.3,59193.8,53571.0,53789.0,6087.3482540803,54924,45376938705927290280298073887999570000,1545804717308728036484375495000000000,451063553616457476912222464513113794,828361160114621369564907653924005766,15632873160275058237098336024878594392,15376068033462734269201078967106940177
2021-11-27,53776.5,55314.1,53658.6,54784.9,2957.2345886503,25472,39403820373291908404196099674351820000,5687493022100838553247249235000000000,209196575551626005340325074489604876,36172458518287756680206091166153982,15842069735826684242438661099368199268,15412240491981022025881285058273094159
2021-11-28,54757.5,57485.7,53300.0,57300.0,2157.9423934999,29933,37384440161025553983309624419983950000,12646331314558699453287233591000000000,183528277633565229132063839213427598,297672840822534399725400981723321998,16025598013460249471570724938581626866,15709913332803556425606686039996416157
2021-11-29,57300.0,58890.0,56755.1,57830.2,2979.13113578,38569,26514964348444214259798611356408550000,11110672551407908572256544515000000000,1266143570384873723606499855104366295,292689599093922207097859072847126678,17291741583845123195177224793685993161,16002602931897478632704545112843542835
2021-11-30,57830.2,59230.0,55932.6,56980.7,3880.8822989403,46528,27454093909702091593581736417299570000,8395201978577439933701808020000000000,735184598069946677115234638821491461,272498118475887520254546113513312787,18026926181915069872292459432507484622,16275101050373366152959091226356855622
2021-12-01,57007.4,59090.7,56520.0,57237.9,4211.5550330901,41458,42853273274113852068424896051255010000,9498419359113020220693177689000000000,393580380924816196729196306074543159,207604308522349355701939976353118231,18420506562839886069021655738582027781,16482705358895715508661031202709973853
2021-12-02,57237.2,57410.2,55848.2,56526.4,3226.8348339101,33357,50296791536219779533152926533255010000,2144195134028560441183711110000000000,442075918621254145454715126085474083,471999460200505988336460583106985485,18862582481461140214476370864667501864,16954704819096221496997491785816959338
2021-12-03,56528.2,57688.9,51752.6,53678.6,4366.2650863803,42103,59360801592531898182104767222255010000,1105208115020967796206305137200000000,344782223282940030179090293973016408,1959205205912305785787784202140341947,19207364704744080244655461158640518272,18913910025008527282785275987957301285
2021-12-04,53675.0,53893.4,40150.1,49255.1,8936.375665251,93273,30298376931128710154013671505096430000,1413159305505303665657869102000000000,371087884057256340624829423617563131,4399992861999800560048317386072143418,19578452588801336585280290582258081403,23313902887008327842833593374029444703
2021-12-05,49245.0,49750.0,47832.2,49443.3,3742.5107091401,35056,25240929396068791212316196272497680000,2840340571512616993533790550000000000,304004239461015730537950190059221412,457009234913287492016677438069810770,19882456828262352315818240772317302815,23770912121921615334850270812099255473
2021-12-06,49444.0,50957.6,47210.0,50564.3,4070.3929239901,39613,24318985370415248526613789822088480000,5032988771603862144632758979350000000,293429167887335297546988707367677167,174851736716110548337817166752132099,20175885996149687613365229479684979982,23945763858637725883188087978851387572
2021-12-07,50544.8,51955.0,50100.0,50650.1,2712.74988414,32481,22466446548378139409260343051088480000,8185260539089333103112598837350000000,195239372170891864080128496394232957,60651764917184825844009618461370445,20371125368320579477445357976079212939,24006415623554910709032097597312758017
2021-12-08,50650.1,51202.5,48579.3,50515.1,2997.4964788201,27149,27710878530922509777114912077088480000,6046652103031403748590681427350000000,93870655377642513232387611755427378,103554715812137648130826223961436396,20464996023698221990677745587834640317,24109970339367048357162923821274194413
2021-12-09,50525.1,50819.5,47298.4,47581.6,2691.4998108001,30424,28277447654036083068838600402088480000,3849434380915693019394067700000000000,247607917418160458321756640195504283,266561341515438020594344542383384931,20712603941116382448999502228030144600,24376531680882486377757268363657579344
2021-12-10,47576.4,50114.2,46888.8,47218.3,3323.5417558001,34264,26177440272178930332639542935988480000,7807028861338307334598839405000000000,184830587718957199590101399976315210,615428161215299332775554739481996054,20897434528835339648589603628006459810,24991959842097785710532823103139575398
2021-12-11,47173.9,49500.0,46800.0,49367.2,2068.4167713899,23586,23455693974061518694949161163528530000,10612955714821373013830741246600000000,144825861040859260431742719413215390,236867139452541095143948498566486456,21042260389876198909021346347419675200,25228826981550326805676771601706061854
2021-12-12,49406.0,50788.4,48697.8,50113.2,2022.36398205,22650,24656017166151472308231713406988480000,6799321860207529132215345735000000000,81222934295860820713872676613737676,644350674189449506377063587252807915,21123483324172059729735219024033412876,25873177655739776312053835188958869769
2021-12-13,50098.8,50219.8,45759.0,46732.2,4915.4230727502,41085,20687566555534045227717798166988480000,3188957580944606424688970648400000000,228708335320090913143729170022541971,984932544906417367580992002250444612,21352191659492150642878948194055954847,26858110200646193679634827191209314381
2021-12-14,46732.2,48690.0,46313.7,48399.2,3830.8240635501,35772,18861947654628567768377958994050710000,8168677793344465102866138055000000000,300063063759083443244272599666714753,310560515033990314058641139422076843,21652254723251234086123220793722669600,27168670715680183993693468330631391224
2021-12-15,48399.2,49512.5,46632.0,48881.3,4250.48170763,34511,17069904159580709733930003917750833000,16898307971448672254971840616300000000,467181616596688293349182897060152138,766191657576632063976590900109214629,22119436339847922379472403690782821738,27934862373256816057670059230740605853
2021-12-16,48881.8,49465.6,47560.0,47631.0,3345.2738369701,31997,24915493119056661563666410574129710000,4653210800596861954248306226189051878,274819538171402822947656751783562613,340269281763221083488355685496756931,22394255878019325202420060442566384351,28275131655020037141158414916237362784
2021-12-17,47639.9,48001.9,45500.0,46168.3,3794.8757959502,38927,21790163984554725861467945538929710000,4700139746816778954000270628400000000,249461759602745932658658648849286604,445670845984106667887547636427114227,22643717637622071135078719091415670955,28720802501004143809045962552664477011
2021-12-18,46166.6,47333.6,45520.2,46864.3,1868.9874995499,24363,20654478281527159638535982030955510000,9070075522903484519441623308400000000,238167269164874551356647487799127006,75287573727703653402195922333273084,22881884906786945686435366579214797961,28796090074731847462448158474997750095
2021-12-19,46858.0,48289.0,46484.8,46688.4,2067.31974122,22744,25253238266116691265739966806567670000,10682540477812919211101720312400000000,133869093546068277066823465789787483,72240331760045619575941344248242408,23015754000333013963502190045004585444,28868330406491893082024099819245992503
2021-12-20,46687.8,47549.8,45600.0,46898.1,2989.0172874701,30600,21248593762275032042542028299237270000,6067489974623610916604622968400000000,288640998978734578711554700940013217,356043693169287369141980239100141544,23304394999311748542213744745944598661,29224374099661180451166080058346134047
2021-12-21,46907.3,49321.1,46676.5,48925.9,3879.22273194,29852,23176805986928747664779443184786510000,20806576859731872028086542545400000000,71782938591409854190814510349899589,39959288263123840154705209167490031,23376177937903158396404559256294498250,29264333387924304291320785267513624078
2021-12-22,48925.9,49599.8,48491.0,48624.9,2036.6421753,24570,28344522181132863096645537785266140000,18527348364268153418423538768400000000,135730818058232256600676318981775142,214347869591079663889011370537871106,23511908755961390653005235575276273392,29478681257515383955209796638051495184
2021-12-23,48624.9,51391.2,48042.3,50818.8,3079.33948002,32242,23298940621488139683855333055696620000,9732154727061250360922213183400000000,346346677061213404046477551045178903,456011211343864606430053387218198717,23858255433022604057051713126321452295,29934692468859248561639850025269693901
2021-12-24,50818.8,51844.4,50456.0,50834.3,2363.11059866,28783,23703273320430180586902753510596620000,5461425490433159767344298023400000000,178775735760701565374528493296805236,233518722297963307292252753775858918,24037031168783305622426241619618257531,30168211191157211868932102779045552819
2021-12-25,50834.2,51154.2,50209.2,50436.0,1222.79596971,15356,29707631554580910926889012785633610000,3478386462316975117627395393400000000,50408616458653177706358999611627567,13763519035234173425338391438061197,24087439785241958800132600619229885098,30181974710192446042357441170483614016
2021-12-26,50436.1,51242.0,49427.9,50797.3,1079.30404079,15511,26115197049033717126625803206178840000,4188261274320123901601753203400000000,161671358901468387690309807788903317,21146236326675585301790022647011970,24249111144143427187822910427018788415,30203120946519121627659231193130625986
2021-12-27,50797.4,52111.0,50480.2,50687.4,1629.37532299,21968,27430340556803457371607236223352900000,5839184476398053742522166493400000000,185110420607060762945691274453292642,68512607387658437958325749563085716,24434221564750487950768601701472081057,30271633553906780065617556942693711702
2021-12-28,50687.5,50693.5,47305.5,47548.1,3521.5091963001,35217,30633604417325222230687445807936790000,307103668167409353668525863400000000,276978341255476078188695846065883037,580323991278042189384365000299216360,24711199906005964028957297547537964094,30851957545184822255001921942992928062
2021-12-29,47549.8,48123.7,46120.0,46473.2,2346.5654002,26014,26607886542316806984683510249526180000,266190700294365217667710243400000000,112931789469239951024366999165568516,1172920116044516726501389643670151152,24824131695475203979981664546703532610,32024877661229338981503311586663079214
2021-12-30,46464.5,47907.4,45930.1,47143.8,1928.68412237,22090,21430084914499798165598377993603290000,6610866267977517611343127573400000000,232677388269660609836175622721290698,163783824902061445262266146302504502,25056809083744864589817840169424823308,32188661486131400426765577732965583716
2021-12-31,47143.8,48591.6,45530.3,46150.0,3113.0177165101,28633,33881229517955984968214748319919810000,22433675120439356706995970251400000000,123397709146767647328061986020772349,244033933822709810847570581601611980,25180206792891632237145902155445595657,32432695419954110237613148314567195696
2022-01-01,46150.0,47922.6,46150.0,47738.3,2133.68707098,19093,35153442406806401294605059519213120000,14507724827528637971801590591891500000,232110592715866185559593515970304109,92820326974563561211208972180131757,25412317385607498422705495671415899766,32525515746928673798824357286747327453
2022-01-02,47736.5,47950.4,46700.0,47304.6,1343.75926236,19384,36776195511136460218139553554295020000,23356979904164491758349765920000000000,287902144697014577402422725503960246,13083633746965448151587800325022793,25700219530304513000107918396919860012,32538599380675639246975945087072350246
2022-01-03,47301.2,47567.2,45707.9,46452.6,2133.14177926,23931,36054826819792806645102994612178300000,5171134497353781913311544224853851571,770419795899608642986072327064616660,263653052565390928844421524603381289,26470639326204121643093990723984476672,32802252433241030175820366611675731535
2022-01-04,46452.5,47500.0,45548.7,45858.5,2219.89025735,22817,43019410922933645721046365098650900000,2852714817654920104322735240000000000,434269635588920250528900995119103889,166190980126688639083597943049269871,26904908961793041893622891719103580561,32968443413367718814903964554725001406
2022-01-05,45858.5,47066.5,42505.0,43410.0,4070.4828775901,36190,34734023444305920222494087685403720000,16856695158283954374863217613400000000,1224012137863897594047779309288127786,1629437680559839780074044872666655478,28128921099656939487670671028391708347,34597881093927558594978009427391656884
2022-01-06,43432.5,43748.0,42424.0,43124.4,4794.7013253702,39424,34141345312410658223451265266146250000,20342238947881715636013517970400000000,560110887369066022967708046696562523,924953206222633486209076728048856753,28689031987026005510638379075088270870,35522834300150192081187086155440513637
2022-01-07,43124.5,43134.9,40666.0,41523.6,5771.2923085602,37588,24309727447834593452225885782876650000,30349151307524711515608235639400000000,2447870279927613917081062370034676140,2432682382209378827812829210572503455,31136902266953619427719441445122947010,37955516682359570908999915366013017092
2022-01-08,41523.7,42302.4,40555.0,41693.2,2564.73685397,24823,21274472750709105922689886117876650000,20645628841820515985007004523400000000,1574356531194416283203789830266576990,382272220569084196267780063090103928,32711258798148035710923231275389524000,38337788902928655105267695429103121020
2022-01-09,41693.2,42786.7,41249.7,41862.9,2006.61458019,16220,23263486754050164850985280100876650000,10142868772284774957173934193400000000,68262809923951203358791790326517592,316093490212066019810405660364525732,32779521608071986914282023065716041592,38653882393140721125078101089467646752
2022-01-10,41867.1,42239.6,39659.9,41855.3,4131.2822819702,29925,22853470231370287771773876642876650000,9937831027996040671484205530163280000,832588146136603670590202109178068542,349945143445251279179005447609636659,33612109754208590584872225174894110134,39003827536585972404257106537077283411
2022-01-11,41855.2,43127.5,41315.5,42728.8,3316.84906075,27218,27289272468949210104855972946649550000,4243869267324836258034160147815108264,239854307189500242928827709524188503,560478990883053249816268896627503772,33851964061398090827801052884418298637,39564306527469025654073375433704787183
2022-01-12,42728.8,44348.5,42480.0,43927.8,2847.97173242,25374,29174792882659941216688884836380310000,2531100701453194560686270662200000000,491103757445581874896337108284565598,417196167637328988813187551767088585,34343067818843672702697389992702864235,39981502695106354642886562985471875768
2022-01-13,43927.8,44420.1,42352.0,42550.0,2960.06741848,25407,23995196530629125216272437418217110000,13155171813600391055546086527825000000,210954967227865115418155453153145065,374593824801460615552364365051174770,34554022786071537818115545445856009300,40356096519907815258438927350523050538
2022-01-14,42550.0,43473.1,41800.0,43090.0,2711.96112072,24161,36258262999340685527013911191357350000,2934838248712950597922202708502710869,290314301512896818567425093752418734,268813901723306898020494823241723062,34844337087584434636682970539608428034,40624910421631122156459422173764773600
2022-01-15,43090.0,43791.6,42600.0,43111.5,975.55181847,17155,25519652421703295890251551775041700000,32136514254443821529259868507400000000,158744607149831183788465027402049501,106362127098916646176385265473928454,35003081694734265820471435567010477535,40731272548730038802635807439238702054
2022-01-16,43111.5,43463.8,42614.9,43114.5,1264.00992817,15131,45474523023304026210768172536664460000,4132673102387211419665334565400000000,484870504116870380855095944663240195,24781294139413073197517897849472998,35487952198851136201326531511673717730,40756053842869451875833325337088175052
2022-01-17,43114.5,43200.6,41579.2,42248.1,1677.42017272,18590,22552659634924458957391540573892940000,3525861489023466482583079576687480574,868820539842999657612926606195229259,535994681920182882960088141730719950,36356772738694135858939458117868946989,41292048524789634758793413478818895002
2022-01-18,42248.0,42667.0,41288.0,42383.0,1863.1982201899,19172,32486990614873304324764810450759740000,2605264330631717382927920440115550000,290000489855751569920878162631158466,417099554570927717652544954499975753,36646773228549887428860336280500105455,41709148079360562476445958433318870755
2022-01-19,42371.3,42577.8,41159.0,41686.2,1920.1883634199,21971,28651480923955276573490450354045930000,24245458278642368388951400440915550000,499970554177019340448245329448411630,471001230780572576642005827150214353,37146743782726906769308581609948517085,42180149310141135053087964260469085108
2022-01-20,41686.2,43497.4,40577.1,40686.9,3095.76886468,27631,27926255372234511755219659155134710000,4765090878355140047078261139779507300,1100060127888596535718946226865441123,833348586096625138980872704469884754,38246803910615503305027527836813958208,43013497896237760192068836964938969862
2022-01-21,40686.9,41115.7,35409.7,36468.4,8876.9983110408,59629,12376723309678047715729543427077560000,2956700754501508217566243826146670000,1025841828139224126702182254466122771,3688641844858282895215196441507502317,39272645738754727431729710091280080979,46702139741096043087284033406446472179
2022-01-22,36446.2,36814.5,34007.7,35067.6,5382.9173299101,44525,10212082381551219755061612162123720000,7672439621278678513201672265215550000,1001463991546067849815633713396368682,1179913222672809123814699625731857470,40274109730300795281545343804676449661,47882052963768852211098733032178329649
2022-01-23,35070.8,36500.0,34613.3,36277.5,2385.56399264,22291,10133518692094260421107419545123720000,6794864532602998060150876354115550000,476438582653694196994570640533744140,467471458625497910683836810172991755,40750548312954489478539914445210193801,48349524422394350121782569842351321404
2022-01-24,36270.1,37500.0,32940.1,36699.5,7639.6550965202,48013,11314295238033827315727776487450330000,10093851323061047614986028746933731788,1131362478439878224524892278272207412,1645932948798676749793023381180774176,41881910791394367703064806723482401213,49995457371193026871575593223532095580
2022-01-25,36699.5,37552.8,35685.3,36987.8,3186.96357197,26079,12782631508343249466065880199205650000,12240534294404472408780408074956737771,527371463870163097777577946840163875,551893151688090078905014188003435250,42409282255264530800842384670322565088,50547350522881116950480607411535530830
2022-01-26,36994.6,38899.9,36251.2,36827.6,5526.1969408302,39968,13403699981364975828356490576579046000,5273277943131433843430599842455340908,734168636031243659559023157361963771,998030180674488218968434889935363044,43143450891295774460401407827684528859,51545380703555605169449042301470893874
2022-01-27,36827.7,37242.5,35548.5,37200.5,4276.4801738801,29424,10708548997952529000395387358350330000,8300272679435763642625212968545550000,672162082651208548924790817769893546,383073148208727512301932322897562591,43815612973946983009326198645454422405,51928453851764332681750974624368456465
2022-01-28,37168.0,37999.9,36172.3,37737.9,2662.80699128,24788,9678512830680309116517637742729210000,12875796927565273783652207604245550000,317358723519738323214478702387083352,397822533639162363902347107915066702,44132971697466721332540677347841505757,52326276385403495045653321732283523167
2022-01-29,37735.7,38719.5,37275.7,38164.9,1737.65164383,20283,13851008055210026527574451775206470000,15112887697364674592543691655079870000,164963134292643777036354029713394071,286944103208674827266597699416047259,44297934831759365109577031377554899828,52613220488612169872919919431699570426
2022-01-30,38188.3,38358.0,37389.0,37930.1,1037.63136699,14478,12033773586380157226512869702769260000,14573830823028352680383304001888886146,188386216888717310294063049463837484,85122068730119715734514548060613334,44486321048648082419871094427018737312,52698342557342289588654433979760183760
2022-01-31,37914.0,38786.0,36667.5,38512.1,2521.02829205,23645,14108879024999684604897565313349710000,15020465571156593915708136575793550000,386242617018874768313731827846246941,257804196408097517920656990752213784,44872563665666957188184826254864984253,52956146753750387106575090970512397544
2022-02-01,38512.0,39290.0,38050.0,38719.9,3336.0134691301,27161,14862471892341911863595306978004210000,4951053272500269103402230286205550000,291251935610607630921360797439202365,565585139456930713504267050982728494,45163815601277564819106187052304186618,53521731893207317820079358021495126038
2022-02-02,38721.4,38878.8,36600.0,36903.3,2725.79712871,24591,17437864986871020133933384636270170000,11699318217387240346084792799467376687,248288140184455364134841077983903053,504140808103884877174137139228890729,45412103741462020183241028130288089671,54025872701311202697253495160724016767
2022-02-03,36921.5,37389.0,36269.8,37324.4,1721.53526412,20871,17652936805504979670262122941270170000,9996279765238359269161194130410000000,289643011266522713834756844383297575,165226167202406356632296440675514221,45701746752728542897075784974671387246,54191098868513609053885791601399530988
2022-02-04,37324.3,41774.0,37073.9,41585.5,4269.98627591,33485,12032191222996944033913666780753460000,8775744653733207103044283772513390000,774272092342288950457925517783498783,751697951592309868281834687086075878,46476018845070831847533710492454886029,54942796820105918922167626288485606866
2022-02-05,41597.2,41926.4,40883.7,41419.0,2211.15688361,24916,14373502496515445232339139098965000000,10370630543494081122587267625300000000,232002724999360418122094412840609431,369404124158018364343512411602445897,46708021570070192265655804905295495460,55312200944263937286511138700088052763
2022-02-06,41419.0,42694.5,41141.9,42419.5,1818.07180806,22192,12848590263942527676512160706965000000,17040405538021710536188873647388920000,151356147768276323788765942255428371,234393775438700668113600196444862209,46859377717838468589444570847550923831,55546594719702637954624738896532914972
2022-02-07,42426.1,44528.6,41697.4,43867.2,4604.6818396703,39555,23148071687004525059059272659357120000,13065655153735414710678150950228920000,193618069652577557038701114400958208,482600149984368818639084545953355451,47052995787491046146483271961951882039,56029194869687006773263823442486270423
2022-02-08,43873.1,45500.0,42709.6,44079.1,3432.44974988,35663,16050742838705360292866512415357120000,7478241515443168638246742864500000000,401496758393757025336273512328998207,253144818736657832045255630544234852,47454492545884803171819545474280880246,56282339688423664605309079073030505275
2022-02-09,44083.1,44831.0,43187.2,44420.0,3210.42939961,27148,19537880125989602432192548297357120000,8566093282416785281250016883020000000,164890949125516854666949521987353454,249053598974311331675846326898911270,47619383495010320026486494996268233700,56531393287397975936984925399929416545
2022-02-10,44420.1,45900.0,43228.0,43537.5,5478.5708455002,39399,18495357079903826305214175681711178752,12806283325679468483400399078966600090,1224762811501286269519492261385325983,731940035920866910588672262737002588,48844146306511606296005987257653559683,57263333323318842847573597662666419133
2022-02-11,43537.5,43944.9,42000.0,42400.2,3361.3901286201,32725,11962254284939657990508586156370170000,17379824274578035593020195101000000000,550829516717077788084028107712901627,692856215805579583994129184218570982,49394975823228684084090015365366461310,57956189539124422431567726846884990115
2022-02-12,42400.1,43038.2,41760.6,42241.0,1939.69954808,22706,14383220601110106078716229955370170000,18816550204441349448337147715360000000,270096806129432777523646061685556323,314562861079320098142202063388031896,49665072629358116861613661427052017633,58270752400203742529709928910273022011
2022-02-13,42241.1,42768.5,41893.1,42062.6,1124.71740372,17169,12255854035818012190355415756370170000,24057715642882766331066815725309538337,217438259511156380058375314044032620,127322159055179309096203288686356632,49882510888869273241672036741096050253,58398074559258921838806132198959378643
2022-02-14,42062.5,42852.0,41573.1,42563.5,1918.26713617,23017,13577131711636159775358130461370170000,11114796038142670007248914882010714241,238637423508239767965712679463394449,276004579373030644328807131673291082,50121148312377513009637749420559444702,58674079138631952483134939330632669725
2022-02-15,42563.4,44770.8,42469.6,44563.1,2190.91991458,24372,13589695861261215039929735949169411216,2899303548907639876912417847200000000,192852154520231762140976255396824983,576097949012461513306818048574081769,50314000466897744771778725675956269685,59250177087644413996441757379206751494
2022-02-16,44563.1,44580.2,43236.5,43873.1,1752.90643025,21680,17441082513785400367792798642325170000,6881141174043482995120824303569000000,180215216597309873751498359974443606,118928379827044152076609417132369720,50494215683495054645530224035930713291,59369105467471458148518366796339121214
2022-02-17,43873.0,44179.4,40100.0,40543.9,3689.5140296301,32123,9552845594603637908193397001280170000,2265566086256093396801645991450000000,47533012925458158031156355263511694,114175837613477150566970127752226270,50541748696420512803561380391194224985,59483281305084935299085336924091347484
2022-02-18,40547.4,40957.3,39455.6,40007.4,2828.69293901,27450,6565814620202912397495536189240170000,1462855932837416529315286466450000000,45419656585791684466812819298016838,5190841065910401405398444722109561,50587168353006304488028193210492241823,59488472146150845700490735368813457045
2022-02-19,40007.4,40450.0,39669.9,40095.8,882.82915067,16379,22613892707309308353674004772240170000,2193222026517998413844079866450000000,79692232745529404689606632822690964,13970141624132386529268936089968945,50666860585751833892717799843314932787,59502442287774978087020004304903425990
2022-02-20,40094.3,40135.1,38000.0,38400.0,2787.8729318601,25930,12017133422762127895337440472030170000,3508796345852645688126684410300000000,27341098686254515812584288017827203,1081931673413039482338090280996859611,50694201684438088408530384131332759990,60584373961188017569358094585900285601
2022-02-21,38400.1,39490.9,36782.6,37019.2,4647.6322586103,39840,9116216689800688966588333482210330000,4282215348334779880770544389300000000,274478516105443887256972374326355626,461353015133807751513253843802721939,50968680200543532295787356505659115616,61045726976321825320871348429703007540
2022-02-22,37024.2,38418.6,36366.0,38256.3,3384.2140744401,28852,14452649301032634788986292452210330000,3497858294511369482690104178500000000,183384399143827360222432512268909833,453388724798658637099050544586490766,51152064599687359656009789017928025449,61499115701120483957970398974289498306
2022-02-23,38256.3,39250.0,37086.6,37250.1,3233.9728646601,27032,11998525723697026735415817137210330000,9509899109500255073489040682092521431,238396311653959076719645949384183169,126805135870868643302160349863631334,51390460911341318732729434967312208618,61625920836991352601272559324153129640
2022-02-24,37250.1,39739.9,34333.2,38340.8,10301.1268263705,63703,12327258797402084711486424852657350000,6020131209474255095570052644824278269,1713497793624574362405394736523263343,2861645341929811025514050622938646801,53103958704965893095134829703835471961,64487566178921163626786609947091776441
2022-02-25,38343.6,39700.0,38032.3,39233.5,3274.94243275,29255,25002122583227757429865746740657350000,7045342026004159816207782484433342739,614675755717720175207810683176826339,269168577714218317795851424323729517,53718634460683613270342640387012298300,64756734756635381944582461371415505958
2022-02-26,39233.5,40277.9,38601.4,39120.2,2105.17169396,21106,12011624193886338021622474759657350000,15705747030992830590574682372404049833,388644282374776579304390718827946348,180780443183253863682328919167180351,54107278743058389849647031105840244648,64937515199818635808264790290582686309
2022-02-27,39120.2,39888.0,37029.8,37709.1,3515.96748312,31694,11442262501688009729039395755657350000,25851660975092756436408507340989433309,773504738077094115884859018670443201,411544343524896998935556834988331390,54880783481135483965531890124510687849,65349059543343532807200347125571017699
2022-02-28,37709.2,44194.2,37447.6,43194.7,7314.1134570504,50910,13863754971386210936013603363657350000,6490281244840496293019483343120000000,502645477691057339824080383305571913,1182867716286119959833542374912139595,55383428958826541305355970507816259762,66531927259629652767033889500483157294
2022-03-01,43188.4,44955.9,42841.4,44427.9,7671.6974940207,68738,14458179725573737183487155634327750000,19314040117968434848793383724614952049,394972274134382774995003174804765253,498379134880161587899408795361778286,55778401232960924080350973682621025015,67030306394509814354933298295844935580
2022-03-02,44428.0,45349.0,43357.1,43922.5,5010.4856850803,39885,15563790734472411230809002786225550000,36276831049497305841051439279108701501,818377126757342211363011838317979668,563045217800658973597118230728739970,56596778359718266291713985520939004683,67593351612310473328530416526573675550
2022-03-03,43922.2,44085.4,41822.8,42465.0,4384.6066448001,37406,13890730894349681195661076903190750000,35485317381643355360118291286672323882,1337964604069192641213547944763644382,731355002703036904259664910677514130,57934742963787458932927533465702649065,68324706615013510232790081437251189680
2022-03-04,42465.0,42499.9,38586.3,39137.5,7393.5300672404,49983,22432463755554126504753664173943060392,10358541036191291456124341879247884241,1287373716224096723707750283000251614,451169678346919117110826749257719243,59222116680011555656635283748702900679,68775876293360429349900908186508908923
2022-03-05,39137.4,39624.6,38618.6,39396.4,1543.22449458,20171,21030828521067774896711418686676825406,11359656129559350845434137611467612775,144391898975533179485543079863272736,41477748323083011808762394395651783,59366508578987088836120826828566173415,68817354041683512361709670580904560706
2022-03-06,39396.3,39678.9,38114.2,38416.3,2535.0649777901,24668,51672596488401763936773455443212725406,17745466145871331828511315858466371369,882037644365149527411497504929169021,243210066908020442482970505099515736,60248546223352238363532324333495342436,69060564108591532804192641086004076442
2022-03-07,38420.4,39545.0,37159.4,38024.0,4162.0063499903,37775,23012831973582689306570017661320700000,13914435761133501957833141752163002181,602527309259747219942222159888348891,1257757191060205627464728844622271454,60851073532611985583474546493383691327,70318321299651738431657369930626347896
2022-03-08,38009.8,39373.0,37888.0,38752.6,3726.9517072802,36365,33771267557774449999140335502074000000,14898578631955101093873976888636878346,588399894902645762305297553941268547,252206383544840514862946908012422428,61439473427514631345779844047324959874,70570527683196578946520316838638770324
2022-03-09,38752.6,42590.6,38682.0,41965.3,5254.0126409205,48398,12118761139063974046790387840269000000,8785365174223030548641273125788104489,1384480436087698089634862499715047316,436727125649136921480489947521006402,62823953863602329435414706547040007190,71007254808845715868000806786159776726
2022-03-10,41959.0,42041.8,38576.0,39435.8,4643.7124333202,40582,25099895639855691112582475889091100000,10848696754735995957028925143535975886,577588466961928234019237225338797509,1227681417717228929169959506865264944,63401542330564257669433943772378804699,72234936226562944797170766293025041670
2022-03-11,39435.8,40222.4,38251.5,38732.1,3504.6779068501,29060,13983121646328421994726444973644500000,14973703588283835999907710784160452832,455110404103097167435545933011016352,477205877146305670487634009520189311,63856652734667354836869489705389821051,72712142103709250467658400302545230981
2022-03-12,38727.7,39499.8,38699.0,38785.0,1553.27093634,15144,16912581907137665740156476659650500000,11479376064614605662440707440000715267,60051034878372677209295257700165430,9782100992712105671721108534867569,63916703769545727514078784963089986481,72721924204701962573330121411080098550
2022-03-13,38785.0,39300.0,37593.9,37788.4,2300.05265452,16962,15855401356790350690092012509041900000,10294407029599136210089230793434473936,141687335080490599313577389404489465,113563734515857388230058326679433828,64058391104626218113392362352494475946,72835487939217819961560179737759532378
2022-03-14,37783.7,39899.8,37584.5,39689.2,3450.8307961801,25682,17231485576568689312764400934280600000,5304759241336602771541442709000000000,132428036874079393218018103830771633,145064708701929477069788775686748073,64190819141500297506610380456325247579,72980552647919749438629968513446280451
2022-03-15,39689.2,39900.0,38170.0,39325.4,2579.94641366,22118,15855671500797836903725995272091100000,5944800622836305360698814125000000000,111440921484791031805972195742567247,60419133671178711490455180545070057,64302260062985088538416352652067814826,73040971781590928150120423693991350508
2022-03-16,39321.7,41706.8,38807.5,41124.0,6599.0814876603,52075,23184681469733177123852976729274800000,6333716597614134334560153917000000000,475604267896780205872574076299702990,268549966282006137182729601075784783,64777864330881868744288926728367517816,73309521747872934287303153295067135291
2022-03-17,41129.9,41469.1,40549.1,40945.6,2322.33915065,26099,24920243942275706760475841445217400000,5980168130477126692284607219000000000,72683525479198284248631406716846794,53358955319112714438926621322053170,64850547856361067028537558135084364610,73362880703192047001742079916389188461
2022-03-18,40941.1,42368.6,40179.1,41775.1,2583.79104383,30434,18659354923199269258119419226595750000,6730821717242837134123158269000000000,688357500341156877010388566293019664,329611122629237568320065970264767849,65538905356702223905547946701377384274,73692491825821284570062145886653956310
2022-03-19,41778.7,42379.6,41537.5,42218.0,1298.20726204,16785,28371472073527020560108008488598050000,6670190940937385836628922309000000000,70324700883100013423486365690486263,104066359693443200444065582188053991,65609230057585323918971433067067870537,73796558185514727770506211468842010301
2022-03-20,42218.0,42308.2,40945.0,41289.0,1967.29109207,22542,35295455709769432961378819237779050000,6145714424785088498621545163000000000,57015716272534300263086114250593012,133794364330754684280726140695644198,65666245773857858219234519181318463549,73930352549845482454786937609537654499
2022-03-21,41286.1,41572.4,40510.1,41014.3,1953.9504866199,22519,43179092728370815188895572435188650000,5652233115119033025277589873000000000,70381848098629950305450008441346520,626328279696958913415025058430488562,65736627621956488169539969189759810069,74556680829542441368201962667968143061
2022-03-22,41014.3,43402.6,40916.3,42377.8,3336.9451303601,32677,21575498655058363141200238408946250000,56626657525493434148891899080630000000,2548464941049891254764366002218788020,130568563796799340962805128710656536,68285092563006379424304335191978598089,74687249393339240709164767796678799597
2022-03-23,42377.7,43010.6,41811.1,42910.3,2207.87184726,29946,23658142028084350439723791504570250000,32799026905283181017745065490000000000,382781272856309483649864725926241074,363774183138694019720076862576097066,68667873835862688907954199917904839163,75051023576477934728884844659254896663
2022-03-24,42910.2,44246.9,42637.4,43989.0,2598.22403232,25170,20925457161580867079516617154304950000,17531929766502227625348187048000000000,198918262636930718082564076093439103,1375177626718863970356931026486505934,68866792098499619626036763993998278266,76426201203196798699241775685741402597
2022-03-25,43989.0,45105.0,43604.8,44315.5,3654.14485579,52270,23920449878048605837888403686253750000,36037117723320348627416772049000000000,233408125130065640387808736790910517,471785554681422018454476001881455396,69100200223629685266424572730789188783,76897986757878220717696251687622857993
2022-03-26,44315.5,44800.0,44135.1,44548.0,1165.03671815,26378,24307014771897880315372360512819850000,5888442233169759489751525679000000000,47704489997154211675859652389063178,291631557491805824906287028875769499,69147904713626839478100432383178251961,77189618315370026542602538716498627492
2022-03-27,44547.2,46976.1,44439.4,46855.2,1895.85174777,21268,22711514471366239768414706159720250000,6547027043793635855536442513000000000,250783698268904468939672417948385128,737417926585928437811953662066394586,69398688411895743947040104801126637089,77927036241955954980414492378565022078
2022-03-28,46855.3,48200.0,46683.5,47137.9,3417.2216237399,59916,26466805913402965276982368950958350000,20326758302455578531306535551000000000,333425883027015850060300497843376758,200869023743808007340089810372867108,69732114294922759797100405298970013847,78127905265699762987754582188937889186
2022-03-29,47138.3,48123.0,46912.5,47440.2,1877.20497352,27843,34181448389730138021099531221791150000,36019916409001396322338594891000000000,319777672326958645208914404326077271,178830672265175109634452044667502474,70051891967249718442309319703296091118,78306735937964938097389034233605391660
2022-03-30,47440.3,47707.9,46570.6,47059.3,1737.31775671,25601,34370077703987233252151286406201250000,36234961405022806742733338035000000000,183864364864162045583791651295224313,100253101759849199017760102594411910,70235756332113880487893111354591315431,78406989039724787296406794336199803570
2022-03-31,47079.2,47598.0,45250.0,45524.3,2320.05234427,30068,36307176654831450554055968889222050000,18676177121471622321248321525000000000,1164073893449094400402112575404454220,350552552086077162477327556400620983,71399830225562974888295223929995769651,78757541591810864458884121892600424553
2022-04-01,45523.5,46710.9,44257.6,46312.0,4181.2983432502,36546,24836807144383516232697685419463190000,26901945424284992104730279906668370000,1174018218938033522098028228009759390,472575511559751250223869736105977774,72573848444501008410393252158005529041,79230117103370615709107991628706402327
2022-04-02,46312.0,47200.0,45666.1,45828.6,1420.1895203,22824,29554667790671724912582326679283560000,53722214153798551948469455463572600000,326873450158575236418664184765385014,435168900778281827327354986689153008,72900721894659583646811916342770914055,79665286004148897536435346615395555335
2022-04-03,45828.6,47444.9,45566.0,46423.4,1245.97997739,20620,28295410011174470011106943765374990000,3091510222321796010720735135399800000,971285548861393485872446102365390420,76298431873458762223865597584170194,73872007443520977132684362445136304475,79741584436022356298659212212979725529
2022-04-04,46424.2,46888.0,45153.0,46617.1,1910.9745970799,23949,34498719773249932403629467128649550000,46949968510787505699928539533466790000,543485683609454812452178166655523329,262758707579366948736516173970143745,74415493127130431945136540611791827804,80004343143601723247395728386949869274
2022-04-05,46617.1,47188.4,45377.0,45479.2,1882.88025051,22655,38913019132691552453849900403527960000,3230467996867503150360190916494440000,657510393281716551835154585087133926,110425548439846048073593214135929570,75073003520412148496971695196878961730,80114768692041569295469321601085798844
2022-04-06,45498.3,45534.3,43123.7,43179.4,4589.1069867202,36043,49012652009622817752605126743436180000,6852615143117899088119067054490900000,153663609950573090854412712315189123,1141151799755565831664941124138390099,75226667130362721587826107909194150853,81255920491797135127134262725224188943
2022-04-07,43179.5,43920.8,42750.0,43469.8,1565.17601256,22151,80011416122310649747278911658078130000,6482750692738705706788295364864320000,196426009727530537823372955181884230,360993399330336678583930729419617957,75423093140090252125649480864376035083,81616913891127471805718193454643806900
2022-04-08,43469.8,43968.7,42126.0,42282.6,2238.74341635,26125,57114548282831492613686749284893440000,6993824813360158835936716171098570000,461398811187019145851058328497362825,951831835106366785958945305636094650,75884491951277271271500539192873397908,82568745726233838591677138760279901550
2022-04-09,42282.6,42805.1,42111.0,42764.0,621.74608186,13343,51257982113611200656704315079769440000,37534890887340644585449737979447740000,560337704097925528752507886636450774,43418090681615671698421078442857095,76444829655375196800253047079509848682,82612163816915454263375559838722758645
2022-04-10,42781.7,43416.4,41805.4,42160.0,1121.27095145,15302,77965756937926942715086241411771160000,7212746731748420445671739718742290000,209131953108897666911703573350174767,385120521908522444426044121234016323,76653961608484094467164750652860023449,82997284338823976707801603959956774968
2022-04-11,42164.9,42411.0,39240.0,39534.6,3303.8990908,31753,22115448371670264970288418863745060000,59999139576302282933245660054144880000,464997879395029809132143900152757346,3395176664873241387333241247384502093,77118959487879124276296894553012780795,86392461003697218095134845207341277061
2022-04-12,39530.5,40683.4,39269.4,40078.7,2170.32737648,24269,24702496376454008786972558506751280000,57960437962719850155070919540230480000,1081097457181171017380681269770167217,780063617849981212917515492522912925,78200056945060295293677575822782948012,87172524621547199308052360699864189986
2022-04-13,40078.7,41548.4,39598.0,41150.0,2414.27057701,24018,18967729162884764844258902787570540000,18435358916955605208160286595169060000,186102961866773815094398861011396739,1266934369374328528023715272903358195,78386159906927069108771974683794344751,88439458990921527836076075972767548181
2022-04-14,41150.0,41480.0,39600.0,39954.9,1895.26356688,20685,21499498697697111331035833215950970000,6418305802229773637683755322639560000,234110040022317258170962718622642325,599464457144188100248429253014636634,78620269946949386366942937402416987076,89038923448065715936324505225782184815
2022-04-15,39953.7,40890.3,39800.0,40569.9,1177.17180956,16024,22070673784894228021564633131084660000,33212614376353039744628911313200440000,144400793781343862005156143120715519,103574976026108821128052244271876169,78764670740730730228948093545537702595,89142498424091824757452557470054060984
2022-04-16,40570.0,40708.8,40011.9,40381.0,589.46381724,12703,21748724027727496604917703735849860000,13136250216979442563846974282825580000,17661047714669129323369641579070399,620142316486919217237943747879136517,78782331788445399358271463187116772994,89762640740578743974690501217933197501
2022-04-17,40381.1,40652.8,39556.0,39681.2,982.00936665,15246,27218633062703323450624514526956120000,17315595745492373134190769782825580000,246668455584494411781821831098314078,8595960595450324007677484853335211,79029000244029893770053285018215087072,89771236701174194298698178702786532712
2022-04-18,39680.5,41067.3,38570.0,40811.3,2626.83895679,27165,23782707597984615528138412278249910000,3822770402079281323783028623861200000,690656036307862924694509158848885051,1183204265664079048960616510092492613,79719656280337756694747794177063972123,90954440966838273347658795212879025325
2022-04-19,40811.3,41825.8,40600.0,41506.2,1433.48126987,20860,21740638532426143407195500663511260000,3783392878512041714606321826013050000,110130496230198340441180864864768057,133558316117900102794037486071236916,79829786776567955035188975041928740180,91087999282956173450452832698950262241
2022-04-20,41506.2,42235.7,40900.8,41369.9,1847.47895334,24598,21936526207001004176208714900195420000,4794784259102963014309822452711120000,59574615059731940171142251673556590,45291349260404458367708000280808079,79889361391627686975360117293602296770,91133290632216577908820540699231070320
2022-04-21,41370.0,42950.0,39800.6,40484.1,3322.7481873603,32797,22835367851044044037117265169956780000,5351746743056137228598183223892240000,233345349895688862185412498163864335,530947170396097420110135241488184781,80122706741523375837545529791766161105,91664237802612675328930675940719255101
2022-04-22,40479.1,40791.3,39139.0,39715.9,2214.67239669,27687,24835051908068606692937805866097680000,9535301142735302189346846258716310000,110984828846031279204086322212157119,118894241461268271321348459136199571,80233691570369407116749616113978318224,91783132044073943600252024399855454672
2022-04-23,39713.5,39958.4,39310.0,39435.6,813.9600202899,16509,21358250547917728359900370534576370000,6741931420379628048948246381805530000,61191410036434928052639827144036070,97104438388725034333190238705852779,80294882980405842044802255941122354294,91880236482462668634585214638561307451
2022-04-24,39439.3,39911.0,39015.8,39467.9,1138.59124375,14218,24951784139283632445115933786488950000,6101634256260397136341470841295540000,50071700834892415086884305842054551,8936958841597629767882886587524454,80344954681240734459889140246964408845,91889173441304266264353097525148831905
2022-04-25,39456.7,40614.5,38200.5,40438.5,4131.1959809102,32601,20558047195758818983088638848039800000,9751432558326563656020313686461190000,249741787553386623364878064944237903,530107391600255274042685636776177729,80594696468794121083254018311908646748,92419280832904521538395783161925009634
2022-04-26,40438.4,40776.9,37672.0,38121.7,4450.8946592702,34470,24431698768261408453129850073393764088,10716434037008999792606694123639300000,233278023020308762822000401511570977,196708963527802873356453071203995340,80827974491814429846076018713420217725,92615989796432324411752236233129004974
2022-04-27,38121.7,39446.8,37909.4,39249.9,3384.9542689801,25789,23790955833740933750261726585996022270,8644421796260500216521413330588400000,244601724131816155548124996531568498,293984422990403966196778740153055084,81072576215946246001624143709951786223,92909974219422728377949014973282060058
2022-04-28,39249.9,40349.8,38884.4,39752.8,3135.47777394,27554,19362709028685871916615780263671673458,14401951432147142459151387789376200000,239502506432076189055088405494985742,179658908077093502933558290790965640,81312078722378322190679232115446771965,93089633127499821880882573264073025698
2022-04-29,39749.8,39920.7,38131.8,38599.5,2451.16979,26059,29760933770818046235303206324517237688,7485733123650334871260398011216120000,347750369381065651278805657369930997,97960825188519220987065259105401564,81659829091759387841958037772816702962,93187593952688341101869638523178427262
2022-04-30,38597.5,38777.4,37608.7,37660.8,1090.27309591,18103,23030295354919206739250064429509516946,8651951847883255784349605552010940000,171736667669827778065714276054168010,499358028226778573134588608368207263,81831565759429215620023752048870870972,93686951980915119675004227131546634525
2022-05-01,37660.7,38660.0,37399.4,38474.1,1633.98318627,21895,20762199317917774267436899124941759474,6334866829163189388533760276470790000,338995525545545196378562765859210730,164651008092815092888640913677585936,82170561284974760816402314814730081702,93851602989007934767892868045224220461
2022-05-02,38470.8,39169.4,38011.0,38499.9,2642.2078783701,25583,21891810109444000472239041251272700005,13366098755897676136269155255077850000,285638513706907662945995194723270322,230415989929121378042378905794871315,82456199798681668479348310009453352024,94082018978937056145935246951019091776
2022-05-03,38499.9,38645.1,37507.9,37727.9,1875.03601922,20456,28118148663549434086989705628757850005,12760944073472605325097644318611870000,174295908889900326333791496471266899,61162575183725885675160655228750317,82630495707571568805682101505924618923,94143181554120782031610407606247842093
2022-05-04,37727.9,40029.8,37674.8,39682.8,3072.7471979101,28648,21393735211720960516084096943996202135,12965852236589855263387231155973480000,337553024496334515001795779698360852,435543838438738264333545170970674856,82968048732067903320683897285622979775,94578725392559520295943952777218516949
2022-05-05,39677.6,39832.0,35407.0,36542.6,5103.8965637403,38621,30393285064931237950179414716717632135,8908953961069466991427606768164700000,435426378088769692375035029664053530,338465524971337030125649354965458910,83403475110156673013058932315287033305,94917190917530857326069602132183975859
2022-05-06,36540.4,36647.0,35280.0,36017.4,2897.5627958102,29119,28378032990302202881612162050737242135,14490233433904741322956515926072960000,157324267427516854743246178630815110,288330563477862228657420021521164526,83560799377584189867802178493917848415,95205521481008719554727022153705140385
2022-05-07,36017.4,36105.9,34755.0,35463.0,1293.3104419899,21149,29486254424520627544821880042455522135,16891328040200871297618240086150920000,56539252156112461187553444708063857,429873883072047206502727009220241252,83617338629740302328989731938625912272,95635395364080766761229749162925381637
2022-05-08,35463.1,35495.0,33700.0,34024.2,3717.2510510101,29643,37489429367970749535100411260117152135,24528627750754392487857933849795000000,742285693743872411025240216790785891,923259453798362203418620221898344603,84359624323484174740014972155416698163,96558654817879128964648369384823726240
2022-05-09,34028.3,34214.1,30050.0,30075.5,11297.5135912906,59841,30826195742163698603135176103735222135,35677949345585517353259751808517520000,2900809513999248099868207452302723951,1593973486737131894922066826433946287,87260433837483422839883179607719422114,98152628304616260859570436211257672527
2022-05-10,30052.6,32648.6,29755.0,30999.9,10419.5413581105,59593,53525537542080241146338402991423162135,10396574997994032583027486399669080000,1081506157801680890636372063137945751,1578043426539311938498313907385425102,88341939995285103730519551670857367865,99730671731155572798068750118643097629
2022-05-11,30999.9,32132.0,27700.0,28994.1,14865.7460097505,78783,36480688832355728980993020687808742135,54240192194397512527756951455879110000,2257395417223652505865105911394873673,2385043391830480293015717254619146226,90599335412508756236384657582252241538,102115715122986053091084467373262243855
2022-05-12,28998.2,30075.9,25332.8,28943.4,12160.5524180206,73670,35158834054888721286747296796848050459,7358036445212535312936424326159445470,2210938654539495100479794852659708636,4525913141045780727291221511343681547,92810274067048251336864452434911950174,106641628264031833818375688884605925402
2022-05-13,28943.5,30966.0,28684.5,29222.6,4289.7216568401,36428,37324222593442259577338379573936913881,6242765632159085475503849830260602529,710394176854380293876384947551044143,334413464458625007846612978772273507,93520668243902631630740837382462994317,106976041728490458826222301863378198909
2022-05-14,29232.8,30264.0,28600.5,30048.2,2749.7830431201,30315,37715039324923714978874112810524085793,9666705730479539691635241411684482829,203089272139102582940605621075539211,196280947859076569376806131601672470,93723757516041734213681443003538533528,107172322676349535395599107994979871379
2022-05-15,30051.7,31390.0,29452.6,31296.9,1579.8717223199,24094,44049821953776591506846220693513172796,10684750320836969873994757782835377042,47999245183045819449910672961563262,392865267211086723103084490360585753,93771756761224780033131353676500096790,107565187943560622118702192485340457132
2022-05-16,31294.5,31294.5,29060.0,29826.1,3703.174505,28913,48008957986446342933165603265449562796,4553634668695510292203943143940938042,649560094902416325988530354896579410,289859466811447792825884317106757864,94421316856127196359119884031396676200,107855047410372069911528076802447214996
2022-05-17,29826.1,30742.0,29403.0,30408.3,2810.86074049,23704,46375161058635930468361160200467882796,9917526679290596275704776386586878042,259057639951000736096674473405395317,79271364408726309312518396878842016,94680374496078197095216558504802071517,107934318774780796220840595199326057012
2022-05-18,30408.4,30653.1,28589.1,28664.3,4177.51533145,26075,43272022298544059927240833893285010661,12913626342441832484106142756588104042,414127430039210758129007541749241181,621100697588945935854124791315957098,95094501926117407853345566046551312698,108555419472369742156694719990642014110
2022-05-19,28657.6,30503.7,28649.2,30280.7,3722.85334692,25266,46487868351080551536001445059407098361,9369150149948688114769703900991364042,106061259667399434586923261733422989,459833003299946442791277653397702492,95200563185784807287932489308284735687,109015252475669688599485997644039716602
2022-05-20,30283.7,30721.2,28700.1,29167.5,3717.5566131901,24027,53495541102496252129226994695596414161,17295215864030695779519583302507944042,280743641115330433873491914412733691,208127708157510850424928628748888125,95481306826900137721805981222697469378,109223380183827199449910926272788604727
2022-05-21,29161.6,29606.3,28927.3,29403.5,1030.06024928,13342,52668048754407335752068923902764434161,16660828410992866890676009214097434042,70886238440338858609229083702779778,9915966996745914955449382201567491,95552193065340476580415210306400249156,109233296150823945364866375654990172218
2022-05-22,29394.4,30500.0,29225.7,30268.0,1862.49212439,15723,52071383360403780582980956188053514161,19774383107337069767311789845423760842,390633551137400874044976470634722684,79831632007481671210004850953664432,95942826616477877454460186777034971840,109313127782831427036076380505943836650
2022-05-23,30264.4,30630.7,28829.5,29070.0,3028.92781142,22623,59799023541930584267974088248454964161,10080459553607807728342352878541022842,150687599362327988246293592446647422,695968232951382447890520175954429756,96093514215840205442706480369481619262,110009096015782809483966900681898266406
2022-05-24,29070.0,29819.7,28635.3,29631.8,2806.17199551,18978,59111805635869305262463746288756504161,15913172607045039261802271298069572842,217347683660318336520508779473307543,234735437290962752979747441957191704,96310861899500523779226989148954926805,110243831453073772236946648123855458110
2022-05-25,29628.0,30188.9,29309.0,29520.3,2831.26904556,19081,53585056948327175297863471331307804161,4739002812489486301003751147493792842,140441198894492903716772080007527923,406690612279748223175039760187641234,96451303098395016682943761228962454728,110650522065353520460121687884043099344
2022-05-26,29519.4,29854.0,27505.0,29186.9,4963.1482858501,29306,34687450776877572470596603124337795361,12801575293517908439493747440421141642,640496159329446611337091995796112888,4314447139032202325544745357918762431,97091799257724463294280853224758567616,114964969204385722785666433241961861775
2022-05-27,29165.9,29386.5,28250.0,28580.0,4411.4547663401,29965,38497986927203749527429249205476791161,17483911331614021571632319961238988442,189699211978497103933556237962941784,268631338036596512342525504085291537,97281498469702960398214409462721509400,115233600542422319298008958746047153312
2022-05-28,28580.0,29229.0,28500.1,29020.0,1175.24284997,15126,38099434454225183828636674880338451161,13227427174090061035119307504284308442,87320049826573496716241413460145935,136956761192891319483946213465210099,97368818519529533894930650876181655335,115370557303615210617492904959512363411
2022-05-29,29020.1,29555.0,28820.0,29450.4,1292.41650634,15261,37869049863601609620755931594369271161,26959660504590662374974126209792668442,435488844259525049829671570294306266,56595844482548466178013468294300425,97804307363789058944760322446475961601,115427153148097759083670918427806663836
2022-05-30,29450.5,32186.4,29281.8,31711.7,5654.0972248302,31318,29373741239174599009352656511722241161,7638733322090509411391807682328118442,746900883283789801728660634147830264,1438683163963401997218043716852628711,98551208247072848746488983080623791865,116865836312061161080888962144659292547
2022-05-31,31710.4,32400.0,31183.7,31780.9,3470.7707686504,30831,33267566078938085150257388870181771161,7082184010446425394371797020103218442,88635738705359149972307671985982726,194593237801081065324111529400678024,98639843985778207896461290752609774591,117060429549862242146213073674059970571
2022-06-01,31781.0,31929.0,29328.6,29790.0,5171.2177807401,31383,31454686169068699717493972055335151161,5460364586544480544159695542968838442,219061270631073747579804111413174397,249926066256964720564009884127053202,98858905256409281644041094864022948988,117310355616119206866777083558187023773
2022-06-02,29790.0,31449.2,29572.8,30427.0,2470.22902272,19405,31698374269150604976371170811273521161,5916965944383152018927800333618688442,39876829655049559487382345215669911,50025536741168041435465131941758475,98898782086064331203528477209238618899,117360381152860374908212548690128782248
2022-06-03,30431.3,30658.9,29255.0,29676.4,2472.70542,18044,34675542921096928997860976477635361161,4823860521130821018017027351524923200,102516675097253158422737847589537746,148214547888506201251605392575870475,99001298761161584361951215056828156645,117508595700748881109464154082704652723
2022-06-04,29676.4,29954.5,29450.1,29850.0,783.34433714,10432,33722981709499396896248746644465431161,6095564768869174855133502691491993200,53148389629774055224562677392473336,40088761157881901741663336481263679,99054447150791358417175777734220629981,117548684461906763011205817419185916402
2022-06-05,29850.8,30162.4,29514.0,29907.6,963.56113985,11190,36809123250027338096751225573997131161,5573939167676806384743113098086233200,42981286630694398603428064796578377,44594385457650967954379754629038084,99097428437422052815779205799017208358,117593278847364413979160197173814954486
2022-06-06,29907.6,31725.6,29881.9,31356.3,3447.4629261601,21505,35867650892869535104704991220487961161,7377172882285692937396710482388893200,201222854547910872910640018815120008,77810763946384116168653055558056991,99298651291969963688689845817832328366,117671089611310798095328850229373011477
2022-06-07,31353.1,31550.0,29200.2,31098.6,5748.6102822803,32372,38263783847258502468663146494800281161,3665544057789668259981898809141043200,509388153256396916430341570968249946,331442593867566874104440854442084666,99808039445226360605120187388800578312,118002532205178364969433291083815096143
2022-06-08,31097.2,31296.5,29848.0,30190.8,2829.6275060801,22758,37572353799393503597753793238401831161,3202397186968367190589098261767753200,76881046763725821517574513099084795,130641619528901871924211092381025978,99884920491990086426637761901899663107,118133173824707266841357502176196122121
2022-06-09,30190.8,30666.0,29892.2,30075.3,1940.03441123,17641,41435803542024569083661680485290361161,3624760337095784361081338131387213200,48070590545489236203877711763689883,30652774645146151055817296948088819,99932991082535575662841639613663352990,118163826599352412992413319473144210940
2022-06-10,30085.3,30327.6,28845.2,29054.9,4353.2273097501,24491,39236023321572387894738039134239001097,9110544556226083886453128034487803200,249756328337901172468681046421907591,400918957950602356545461849481568176,100182747410873476835310320660085260581,118564745557303015348958781322625779116
2022-06-11,29056.2,29411.7,28095.9,28380.2,2317.6780855601,22690,42819915062236222708406325937586067580,10826843554750811165699604390047632352,310935576489398824164679351119430575,3914128063094964371846280828820926663,100493682987362875659475000011204691156,122478873620397979720805062151446705779
2022-06-12,28395.9,28500.8,26506.5,26569.6,3666.6466450301,26457,24012257289355471771781988292744745580,13621006141031135288069432776719796464,830440455711531172462935459976972948,1624180673148190461718980285404585161,101324123443074406831937935471181664104,124103054293546170182524042436851290940
2022-06-13,26542.2,26853.2,21930.4,22460.1,17333.48812069,85068,22757798356592876116893318832673084380,9035067373033104180304013795400276864,1738136143851100447056827819501293071,2259887914601242641264315141690762514,103062259586925507278994763290682957175,126362942208147412823788357578542053454
2022-06-14,22460.0,23309.0,20824.0,22111.0,10473.2206888904,59767,18634439349568500372711097862440416380,6914780281632517845923836633458896176,966562205632011222385820600672421163,1280311177319562576472037131964415192,104028821792557518501380583891355378338,127643253385466975400260394710506468646
2022-06-15,22115.0,22773.3,20089.0,22559.6,14784.4056065898,67896,21181413107997828897350007578898496380,6118352805358066187100475988599400060,1152459034949549140501000196998815917,1028460024733993817136409889569588057,105181280827507067641881584088354194255,128671713410200969217396804600076056703
2022-06-16,22557.0,22950.0,20200.0,20366.3,7892.2909630401,39183,21119025443214463005269150225474496380,8870270412418935968267207976860237084,458479880558673849480257753067773279,499749450699947041004575183901076707,105639760708065741491361841841421967534,129171462860900916258401379783977133410
2022-06-17,20366.3,21327.2,20231.3,20432.9,6404.1698673104,32072,22659834616126632369400931238831746380,6682870139859733309391275956092634268,151029021015218676651567417638078527,140131957288067193202159523753997942,105790789729080960168013409259060046061,129311594818188983451603539307731131352
2022-06-18,20440.3,20740.1,17600.0,18950.0,13006.2033105103,63068,5700666384710259928693912715341140108,12033450914960364139808766900599521744,759539507071851745282779215935487191,8301357687832898284417521067759241627,106550329236152811913296188474995533252,137612952506021881736021060375490372979
2022-06-19,18950.0,20799.9,17911.0,20555.5,9585.6883566303,45499,7461557662598580697660339629806394700,7371090694940118761915645230963109008,460241446385983024211597307231487899,675766959575370949559881436676769672,107010570682538794937507785782227021151,138288719465597252685580941812167142651
2022-06-20,20550.1,21038.3,19625.0,20550.0,7167.6102756004,37760,11175467370949663897069543581773924700,7175419239447225843450854270623770000,423303786055897765824990180987882599,392505158582723243296002451682971716,107433874468594692703332775963214903750,138681224624179975928876944263850114367
2022-06-21,20551.2,21698.9,20323.6,20701.9,5232.1735654502,33111,6819627885348796421472602636887991724,6509625776956663233193975675404312496,327941291270144034665798706728990804,260455156023862828909808532425314384,107761815759864836737998574669943894554,138941679780203838757786752796275428751
2022-06-22,20704.1,20860.1,19750.0,19951.3,6091.9466773604,33996,7268180267133621087216144396363286380,8776716128965557118683233772737837872,187582090574415288284288735553126666,143137447175862226146697448393365570,107949397850439252026282863405497021220,139084817227379700983933450244668794321
2022-06-23,19951.3,21200.0,19880.4,21086.7,3813.6377584701,26182,7132779237946089029170826708177408028,7785534628222065916292407655553570000,104694133614697565751392613666187320,226536748231954476335937969458657772,108054091984053949592034256019163208540,139311353975611655460269388214127452093
2022-06-24,21090.8,21534.5,20731.1,21210.7,4922.5405392002,29149,7254451016286534328770613520031847484,8492812293885846892166819693581048864,260788078900296090003798967304505131,322065305868043765325858992798507821,108314880062954245682038054986467713671,139633419281479699225595247206925959914
2022-06-25,21221.6,21589.0,20888.8,21474.5,1835.5706910199,18990,9737365313609419108478507505359806380,7738088888787633158339100532638102448,76925926507913744942141963911089819,86148437641995954931916956806078800,108391805989462159426980196950378803490,139719567719121695180527164163732038714
2022-06-26,21476.8,21867.0,20957.0,21023.3,1913.1909771,20649,6858104910908763946193038947823180636,8647755039124288679265772607052490000,130918228767942270112051372176143779,185875510138586576981585828852923582,108522724218230101697092248322554947269,139905443229260281757508749992584962296
2022-06-27,21023.4,21528.7,20505.5,20716.3,3973.8363769301,22966,11751861196412636714348671196455742508,9690180943766689473997370476608250000,96652560222026037734961348537034940,97403138156940666129279099948215603,108619376778452127734827209671091982209,140002846367417222423638029092533177899
2022-06-28,20716.3,21188.5,20165.3,20251.6,3250.53358914,23648,11325635535591241056743700608495299436,15988020795626808573614379356839002224,271697990498757545614973900049898061,293321881095333033529108006382123800,108891074768950885280442183571141880270,140296168248512555457167137098915301699
2022-06-29,20252.5,20397.0,19828.7,20086.2,4367.3190830902,26340,14179811633205885219190888046448996380,12038504018678164854906431634582354032,296480994500346172779090530136587580,158226505481836993632070926785503188,109187555763451231453221274101278467850,140454394753994392450799208025700804887
2022-06-30,20094.0,20139.8,18617.5,19949.9,5391.5274635603,32136,8225981223207720813338789503255396380,16698947506246409604873162508071855776,688354767722428012849813490689499477,1035775103709830542952369130322347907,109875910531173659466071087591967967327,141490169857704222993751577156023152794
